{
    "name": "root",
    "metadata": {
        "timer_format_version": "0.1.0",
        "start_time_seconds": "1684853672",
        "python_version": "3.8.16 (default, Mar  2 2023, 03:18:16) [MSC v.1916 64 bit (AMD64)]",
        "command_line_arguments": "C:\\Users\\ascan\\miniconda3\\envs\\unity\\Scripts\\mlagents-learn --force",
        "mlagents_version": "0.30.0",
        "mlagents_envs_version": "0.30.0",
        "communication_protocol_version": "1.5.0",
        "pytorch_version": "1.8.1+cu111",
        "numpy_version": "1.23.5",
        "end_time_seconds": "1684853847"
    },
    "total": 174.6031476,
    "count": 1,
    "self": 0.015387000000004036,
    "children": {
        "run_training.setup": {
            "total": 0.06036330000000012,
            "count": 1,
            "self": 0.06036330000000012
        },
        "TrainerController.start_learning": {
            "total": 174.5273973,
            "count": 1,
            "self": 0.2272806000004266,
            "children": {
                "TrainerController._reset_env": {
                    "total": 11.4154086,
                    "count": 1,
                    "self": 11.4154086
                },
                "TrainerController.advance": {
                    "total": 162.30359179999957,
                    "count": 3574,
                    "self": 0.21859280000003878,
                    "children": {
                        "env_step": {
                            "total": 161.04058799999984,
                            "count": 3574,
                            "self": 144.88663000000022,
                            "children": {
                                "SubprocessEnvManager._take_step": {
                                    "total": 16.000083200000496,
                                    "count": 3574,
                                    "self": 0.5641386000011863,
                                    "children": {
                                        "TorchPolicy.evaluate": {
                                            "total": 15.43594459999931,
                                            "count": 3574,
                                            "self": 15.43594459999931
                                        }
                                    }
                                },
                                "workers": {
                                    "total": 0.15387479999911413,
                                    "count": 3573,
                                    "self": 0.0,
                                    "children": {
                                        "worker_root": {
                                            "total": 168.39753220000003,
                                            "count": 3573,
                                            "is_parallel": true,
                                            "self": 34.28223230000029,
                                            "children": {
                                                "steps_from_proto": {
                                                    "total": 0.0004968999999999113,
                                                    "count": 1,
                                                    "is_parallel": true,
                                                    "self": 0.0003415999999987207,
                                                    "children": {
                                                        "_process_rank_one_or_two_observation": {
                                                            "total": 0.0001553000000011906,
                                                            "count": 2,
                                                            "is_parallel": true,
                                                            "self": 0.0001553000000011906
                                                        }
                                                    }
                                                },
                                                "UnityEnvironment.step": {
                                                    "total": 134.11480299999974,
                                                    "count": 3573,
                                                    "is_parallel": true,
                                                    "self": 1.111536799999982,
                                                    "children": {
                                                        "UnityEnvironment._generate_step_input": {
                                                            "total": 0.7239530999994255,
                                                            "count": 3573,
                                                            "is_parallel": true,
                                                            "self": 0.7239530999994255
                                                        },
                                                        "communicator.exchange": {
                                                            "total": 129.2675715000003,
                                                            "count": 3573,
                                                            "is_parallel": true,
                                                            "self": 129.2675715000003
                                                        },
                                                        "steps_from_proto": {
                                                            "total": 3.011741600000059,
                                                            "count": 3573,
                                                            "is_parallel": true,
                                                            "self": 1.8455868000006888,
                                                            "children": {
                                                                "_process_rank_one_or_two_observation": {
                                                                    "total": 1.1661547999993704,
                                                                    "count": 7146,
                                                                    "is_parallel": true,
                                                                    "self": 1.1661547999993704
                                                                }
                                                            }
                                                        }
                                                    }
                                                }
                                            }
                                        }
                                    }
                                }
                            }
                        },
                        "trainer_advance": {
                            "total": 1.0444109999996822,
                            "count": 3573,
                            "self": 0.25376850000055384,
                            "children": {
                                "process_trajectory": {
                                    "total": 0.7906424999991284,
                                    "count": 3573,
                                    "self": 0.7906424999991284
                                }
                            }
                        }
                    }
                },
                "trainer_threads": {
                    "total": 1.5999999902760464e-06,
                    "count": 1,
                    "self": 1.5999999902760464e-06
                },
                "TrainerController._save_models": {
                    "total": 0.5811147000000005,
                    "count": 1,
                    "self": 0.0049563999999975294,
                    "children": {
                        "RLTrainer._checkpoint": {
                            "total": 0.576158300000003,